BEGIN TRANSACTION;
INSERT INTO "themes" ("idTheme","theme") VALUES (1,'Incollable'),
 (2,'Culture en vrac #1'),
 (3,'Microsoft'),
 (4,'Métiers artistiques'),
 (5,'Informatisue pro'),
 (6,'Linux');
INSERT INTO "participants" ("idParticipant","nom") VALUES (1,'ARMANDO Célian'),
 (2,'AVRIL Gabain'),
 (3,'BROUSSE Antoine'),
 (4,'GUALEZZI Mattéo'),
 (5,'HILLION Jules'),
 (6,'HNIZDO Thomas'),
 (7,'LATYAOUI Othman'),
 (8,'LERENARD Axelle'),
 (9,'MATARISE Alexis'),
 (10,'MDOIOUHOMA Nakib'),
 (11,'MOUTTE Corentin'),
 (12,'OUTFLATE Hamza'),
 (13,'SAUGET Jean-Max'),
 (14,'VALOBRA Enzo'),
 (15,'VIGNAL Thomas');
INSERT INTO "questions" ("idQuestion","idTheme","question","proposition1","proposition2","proposition3","proposition4","anecdote","reponse") VALUES (1,1,'Combien y a-t-il de mois de 31 jours dans une année ?','Sept','Six','Cinq','Deux','Chez les Bretons, à la conquête romaine, le temps humain s''est calqué sur l''agriculture et les mois duraient ainsi 28 jours.','proposition1'),
 (2,1,'Avec quel pays la Suisse partage-t-elle la plus longue frontière ?','France','Luxembourg','Allemagne','Belgique','La Suisse est bordée par l''Italie au sud, la France à l''ouest, l''Allemagne au nord, l''Autriche et le Liechtenstein à l''est.','proposition1'),
 (3,1,'Quelle couleur peut être associée à une fièvre, un nain ou un rire ?','Jaune','Rouge','Orange','Bleue','La fièvre jaune est longtemps restée un obstacle à la colonisation de l''Amérique du Sud mais également de l''Afrique.','proposition1'),
 (4,1,'Quel est le point commun entre une tente, un gréviste et une punition ?','Piquet','Toile','Ficelle','Crochet','Un piquet de grève peut avoir plusieurs objets, mais c''est généralement dans le but de faire pression contre la direction.','proposition1'),
 (5,1,'Quel récipient conçu pour recevoir des liquides désigne aussi le ventre des enfants ?','Bidon','Bol','Verre','Bouteille','Le bidon s''apparente parfois à un tonneau ou à une bouteille, et dispose d''un goulot ou d''un couvercle de fermeture.','proposition1'),
 (6,1,'Quel chanteur français a vendu sept millions de 33 tours du « Lac du Connemara » ?','Michel Sardou','Jacques Brel','Gérard Lenorman','Pierre Bachelet','Jugeant la chanson trop longue (plus de 6 minutes), Michel Sardou ne voulait pas la sortir, mais Jacques Revaux la gardera.','proposition1'),
 (7,1,'Quel fruit le Frère Clément a-t-il créé en 1900 pour notre plus grand bonheur ?','Clémentine','Mandarine','Orange','Nectarine','La clémentine est un fruit vert à maturité, qui ne devient orange que sous l''effet de la baisse de température hivernale.','proposition1'),
 (8,1,'Selon l''expression, quand est-il préférable de ne pas chercher midi ?','À 14 heures','La nuit','Sous la pluie','Dans le noir','Un médicament que l''on doit prendre matin, midi, et soir ne doit pas être pris forcément à midi pile mais à l''heure de la mi-journée.','proposition1'),
 (9,1,'La peau de quel animal ne faut-il pas vendre avant de l''avoir tué ?','Ours','Otarie','Orvet','Oursin','« Il ne faut pas vendre la peau de l''ours avant de l''avoir tué » a été popularisé par La Fontaine dans « L''Ours et les deux compagnons ».','proposition1'),
 (10,1,'Qu''est-ce qui peut être de laine, d''avoine ou de neige ?','Flocon','Bas','Fil','Glaçon','Le flocon de laine de roche est parfois utilisé pour l''isolation des combles perdus par épandage manuel au râteau.','proposition1'),
 (11,1,'Avant de vivre à Rome, dans quelle autre ville les Papes avaient-ils l''habitude de résider ?','Avignon','Toulon','Poitiers','Amiens','La ville d''Avignon est encore aujourd''hui surnommée la cité des papes en raison de la présence des papes de 1309 à 1423.','proposition1'),
 (12,1,'Quel animal relativement peu gracieux porte le nom de cheval du fleuve ?','Hippopotame','Éléphant','Girafe','Crocodile','De nombreuses espèces ont disparu mais il en existe deux espèces vivantes : l''hippopotame dit amphibie et l''hippopotame nain.','proposition1'),
 (13,1,'Laquelle de ces quatre langues est statistiquement la plus parlée en Suisse ?','Allemand','Suisse','Français','Italien','Environ 9 % de la population suisse issue notamment de l''immigration utilise principalement une langue non nationale.','proposition1'),
 (14,1,'Comment s''écrit le nombre 54 en chiffres romains, étudiés lors des cours de latin ?','LIV','XXXIV','CIV','VCC','Ces abréviations ne permettaient pas à leurs utilisateurs de faire des calculs qui étaient alors effectués au moyen d''abaques.','proposition1'),
 (15,1,'Laquelle de ces propositions désigne une vinaigrette présente dans nos assiettes ?','Ravigote','Béarnaise','Lyonnaise','Béchamel','La sauce ravigote, légèrement acide, contient du vinaigre, des échalotes ou des oignons, des câpres et des herbes.','proposition1'),
 (16,1,'Quelle partie basse d''un bateau peut être renversée au bowling ?','Quille','Quarre','Quiche','Quête','Dans la marine à voile, la quille est la pièce de charpente de base à partir de laquelle la coque est construite.','proposition1'),
 (17,1,'Quelle est la longueur des buts qu''un gardien doit protéger au handball ?','3 m','2 m','4 m','5 m','Le but doit être muni à l''arrière d''un filet suspendu pour que le ballon qui y entre ne puisse rebondir ou ressortir immédiatement.','proposition1'),
 (18,1,'De quel côté de la Floride la ville de Miami se trouve-t-elle ?','Sud','Nord','Est','Ouest','Ville de loisirs, Miami est une station balnéaire de renommée mondiale qui fait partie d''un chapelet de stations depuis Key West.','proposition1'),
 (19,1,'Quelle partie du chêne de nos forêts nous donne le tan (ou tanin) ?','Écorce','Gland','Feuilles','Branches','En Europe, le chêne a été très utilisé pour son bois, son liège, son écorce et ses glands (dont on faisait autrefois de la farine).','proposition1'),
 (20,1,'Quel nom scientifique (ou genre) est attribué au cobra ?','Naja','Pallida','Colubrina','Mossambica','Le cobra a la particularité de gonfler son cou lorsqu''il est en colère et ainsi paraître plus gros aux yeux de son adversaire.','proposition1'),
 (21,1,'Quel roi de l''Empire néo-babylonien fit jeter Daniel dans la fournaise ?','Nabuchodonosor','Nabopolassar','Amel-Marduk','Balthazar','Nabuchodonosor a régné sur le plus vaste empire qu''ait dominé Babylone, ville où il a fait ériger de nombreux monuments.','proposition1'),
 (22,1,'Quel mot peut désigner le nouveau né du cerf, du chevreuil ou du daim ?','Faon','Hère','Daguet','Brocard','La particularité des cervidés est de porter des bois, organes osseux caducs présents sur la tête des mâles.','proposition1'),
 (23,1,'La Costa Brava espagnole est le prolongement de quelle côte française ?','Côte Vermeille','Côte Fleurie','Côte de Lumière','Côte de Jade','Le rivage méditerranéen des Pyrénées est depuis le 1er février 2002 inscrit par l''UNESCO sur la liste du Patrimoine mondial.','proposition1'),
 (24,1,'Dans quel océan se situent les quarantièmes rugissants ?','Atlantique','Pacifique','Indien','Antarctique','Les vents des quarantièmes rugissants ont joué un rôle significatif dans le choix de la route suivie par les clippers.','proposition1'),
 (25,1,'Combien de fois Björn Borg a-t-il gagné le tournoi de Wimbledon ?','Cinq fois','Six fois','Sept fois','Huit fois','Après sa carrière, il eut des problèmes avec le fisc suédois et fut contraint de déposer le bilan de sa société Björn Borg Design Group.','proposition1'),
 (26,1,'Quel est le nom actuel de l''ancien Soudan français situé en Afrique de l''Ouest ?','Mali','Liberia','Ghana','Bénin','La devise du Mali est « un peuple, un but, une foi » et son drapeau est constitué de trois bandes verticales verte, jaune et rouge.','proposition1'),
 (27,1,'Quel nom donne-t-on aux amoncellements sableux du Sahara ?','Ergs','Gueltas','Yardangs','Mesas','Les ergs occupent environ 20 % de la surface du Sahara, certains ayant commencé à se former au cours du Pléistocène.','proposition1'),
 (28,1,'À quelle ville Giovanni Antonio Canal, dit Canaletto, a-t-il consacré sa vie ?','Venise','Rome','Naples','Milan','Avec Giambattista Pittoni et Giovanni Battista Tiepolo, il est l''un des principaux Vieux maîtres italiens de la Renaissance vénitienne.','proposition1'),
 (29,1,'Aux échecs, quel coup déplace simultanément un roi et une tour ?','Roque','Gambit','Trait','Clouage','Il s''agit du seul coup légal permettant de déplacer deux pièces, sans respecter le déplacement classique du roi et de la tour de surcroît.','proposition1'),
 (30,1,'À quel sport associez-vous le nom du célébrissime et talentueux Jo DiMaggio ?','Base-ball','Football','Boxe','Golf','Joe DiMaggio est également connu pour avoir épousé Marilyn Monroe en 1954, après sa retraite sportive en 1951.','proposition1'),
 (31,2,'Que jette-t-on sur le ring en cas d''abandon durant un match de boxe ?','Éponge','Gant','Culotte','Protège-dents','Durant un match, l''arbitre est le garant principal de la sécurité des boxeurs et peut sanctionner les gestes interdits et dangereux.','proposition1'),
 (32,2,'Quelle espèce d''oiseaux, encore présente en Europe, gringotte, quiritte ou trille ?','Rossignol','Corbeau','Perroquet','Moineau','Son chant des plus mélodieux et des plus complexes a fasciné les chercheurs qui ont dénombré 260 séquences différentes.','proposition1'),
 (33,2,'Qui est devenu célèbre grâce au « Poinçonneur des Lilas », sorti en 1958 ?','Serge Gainsbourg','Charles Trenet','Boris Vian','Johnny Hallyday','Un scopitone a été réalisé pour l''occasion par Jean Bacqué, produit par Pathé, montrant Gainsbourg dans le métro parisien.','proposition1'),
 (34,2,'Laquelle de ces professions ne peut-on associer au grand Léonard de Vinci ?','Auteur dramatique','Peintre','Sculpteur','Botaniste','Léonard de Vinci, génie universel, est souvent décrit comme l''archétype et le symbole de l''homme de la Renaissance.','proposition1'),
 (35,2,'Fils de Laïos et de Jocaste, qui Oedipe a-t-il tué dans la mythologie grecque ?','Son père','Sa mère','Sa fille','Son fils','Oedipe est connu pour avoir résolu l''énigme du sphinx et pour s''être rendu involontairement coupable de parricide et d''inceste.','proposition1'),
 (36,2,'En France, à la Libération, combien se retrouvèrent à Notre-Dame de Paris ?','13 000','9 000','5 000','17 000','Le général de Gaulle a descendu le 26 août 1944 l''Arc de Triomphe vers Notre-Dame pour un office religieux après la libération de Paris.','proposition1'),
 (37,2,'En quelle année a été bu le premier Coca-Cola concocté par John Pemberton ?','1886','1906','1926','1946','Contrairement à la chronologie officielle de l''entreprise, Coca-Cola ne s''est pas implantée en France en 1933, mais bien en 1919.','proposition1'),
 (38,2,'Dans quelle ville se sont déroulés les Jeux olympiques de 1900 ?','Paris','Athènes','Rome','Los Angeles','Aucune cérémonie d''ouverture ou de fermeture ne fut au programme, excepté un défilé des gymnastes à Vincennes.','proposition1'),
 (39,2,'À quelle substance naturelle ou synthétique la pénicilline est-elle associée ?','Antibiotique','Anesthésique','Soporifique','Analgésique','À la base, la pénicilline est une toxine inoffensive pour l''homme synthétisée par certaines espèces de moisissures.','proposition1'),
 (40,2,'Quel prix Nobel Winston Leonard Spencer-Churchill a-t-il reçu en 1953 ?','Littérature','Physique','Paix','Chimie','Winston Churchill reste à ce jour l''unique ancien Premier ministre britannique à avoir reçu, en 1953, le prix Nobel de littérature.','proposition1'),
 (41,2,'« Le train sifflera trois fois » est un western américain de quel réalisateur ?','Fred Zinnemann','John Ford','Vincente Minnelli','George Stevens','L''album de Lucky Luke intitulé « Les Dalton à la noce » reprend la trame scénaristique générale et quelques passages-clés du film.','proposition1'),
 (42,2,'En quelle année a-t-on pu assister à l''inauguration du métro parisien ?','1900','1880','1860','1840','Le métro de Paris comporte à ce jour seize lignes en site propre, essentiellement souterraines, totalisant près de 220 kilomètres.','proposition1'),
 (43,2,'Quel écrivain et journaliste littéraire français fut surnommé le taureau normand ?','Guy de Maupassant','Victor Hugo','Honoré de Balzac','Alfred de Musset','C''est un de ses biographes, Paul Morand, qui comparera ce Maupassant au physique robuste et athlétique à un taureau.','proposition1'),
 (44,2,'À quel autre objet peut-on associer le paléophone inventé par Charles Cros ?','Disque à sillon','Poste de radio','Téléphone','Émetteur','Faute de preuve, nul ne peut affirmer que Charles Cros ait pu réellement reproduire en 1877 le son qu''il avait réussi à enregistrer.','proposition1'),
 (45,2,'Durant quel siècle les pins furent-ils plantés dans la forêt des Landes de Gascogne ?','XIXe siècle','XVIIe siècle','XVe siècle','XIIIe siècle','D''une superficie de près d''un million d''hectares, la forêt des Landes est la plus grande forêt artificielle d''Europe occidentale.','proposition1'),
 (46,2,'Monsieur Diafoirus est un médecin issu de l''imagination de quel dramaturge ?','Molière','Voltaire','Rabelais','Corneille','« Le Malade imaginaire » est une comédie-ballet en trois actes représentée en 1673 et la dernière comédie écrite par Molière.','proposition1'),
 (47,2,'Par rapport à la vitesse duquel de ces éléments le mètre peut-il se définir ?','Lumière','Son','Eau','Vent','La valeur du mètre est définie comme la distance parcourue par la lumière dans le vide en 1/299 792 458 de seconde.','proposition1'),
 (48,2,'Auquel de ces politiciens français Lénine aurait-il pu expliquer la révolution ?','Georges Marchais','Raymond Barre','Robert Hue','Jacques Chirac','Lénine est à l''origine de la Tchéka, police politique chargée d''éliminer les ennemis du nouveau régime qu''il mettait en place.','proposition1'),
 (49,2,'La perle à abdomen remarquable ou plécoptère est en fait...','Un insecte','Une fleur','Un coquillage','Un oiseau','Les plécoptères sont appelés mouches de pierre car ils se posent très fréquemment sur les pierres en bordure de cours d''eau.','proposition1'),
 (50,2,'Quel prolifique compositeur français est mort à Paris en 1918 ?','Claude Debussy','Édouard Lalo','Hector Berlioz','Georges Bizet','Une part importante de l''oeuvre de Claude Debussy est pour piano et utilise une palette sonore particulièrement riche et évocatrice.','proposition1'),
 (51,2,'Pour quelle profession la ville de Crémone, située dans le nord de l''Italie, est-elle célèbre ?','Luthier','Peintre','Potier','Sabotier','La ville est la patrie d''Antonio Giacomo Stradivari, dit Stradivarius, fabricant de violons, de violoncelles, d''altos et de guitares.','proposition1'),
 (52,2,'Autrefois, la phtisie désignait une des formes de quelle maladie ?','Tuberculose','Syphilis','Asthme','Lèpre','La tuberculose est une maladie contagieuse infectieuse causée par une bactérie, avec des signes cliniques variables.','proposition1'),
 (53,2,'Par quel pays Macao a-t-elle été colonisée et administrée durant plus de 400 ans ?','Portugal','Espagne','Angleterre','Allemagne','La ville de Macao est considérée comme le dernier comptoir ainsi que la dernière colonie européenne en Chine et en Asie.','proposition1'),
 (54,2,'Lequel de ces écrivains avait 40 ans à la naissance de Gustave Flaubert ?','Balzac','Stendhal','Hugo','Favre','Gustave Flaubert a marqué la littérature par la profondeur de ses analyses psychologiques et son souci de réalisme.','proposition1'),
 (55,2,'Comment peut-on littéralement traduire le terme république d''Albanie ?','Pays des aigles','Pays des chevaux','Pays des morts','Pays des vivants','Le pays a un régime politique de type démocratie parlementaire, sa capitale est Tirana et sa langue officielle est l''albanais.','proposition1'),
 (56,2,'Dans quel état se trouve la prison américaine de Sing Sing, située sur les rives de l''Hudson ?','New York','Texas','Alabama','Géorgie','La prison de Sing Sing est classée comme établissement de sécurité maximale et a été le lieu, avant 2004, d''exécutions capitales.','proposition1'),
 (57,2,'Quelle est probablement la rencontre la plus célèbre de Camp David en 1978 ?','Sadate-Begin','Nixon-Brejnev','Clinton-Arafat','Reagan-Thatcher','Le Camp David, d''une superficie de 50 hectares dans le Maryland, est le lieu de villégiature officiel du président des États-Unis.','proposition1'),
 (58,2,'Dans quel journal est paru le célèbre « J''accuse... ! » d''Émile Zola ?','Aurore','Humanité','Figaro','Pravda','Rédigé au cours de l''affaire Dreyfus, cet article est paru sous la forme d''une lettre ouverte au président français Félix Faure.','proposition1'),
 (59,2,'Dans quel pays coule le Shannon, traversant des successions interminables de lacs ?','Irlande','Israël','États-Unis','Canada','Les 386 kilomètres du fleuve Shannon en font le plus long cours d''eau des Îles Britanniques et le plus abondant par son débit.','proposition1'),
 (60,2,'Quel philosophe français habitait 10, rue Monsieur-le-Prince à Paris ?','Auguste Comte','Marcel Proust','Anatole France','Pierre Leroux','Auguste Comte fut le secrétaire particulier puis collaborateur du comte de Saint-Simon, fondateur du mouvement saint-simonien.','proposition1'),
 (61,3,'Dans quelle ville se situait en 2018 le siège social de Microsoft ?','Redmond','New-York','Paris','Londres','Cette ville de l''État de Washington abrite le siège social de l''éditeur de logiciels Microsoft et de la branche américaine de Nintendo.','proposition1'),
 (62,3,'Quel nom porte la console de jeux vidéo conçue par Microsoft ?','Xbox','Wii','PlayStation','Game Gear','Une Xbox ne pouvait à l''origine exécuter que des programmes Xbox provenant d''un média au format propriétaire Microsoft sur DVD.','proposition1'),
 (63,3,'Qui est, avec Bill Gates, le cofondateur de la société Microsoft ?','Paul Allen','Larry Ellison','Elon Musk','Alex Spanos','Paul Allen est aussi patron actionnaire d''un empire financier de multiples sociétés dans les domaines des hautes technologies.','proposition1'),
 (64,3,'Quel célèbre simulateur de vol pour PC a été conçu par Microsoft ?','Flight Simulator','Fight Simulator','Freight Simulator','Fog Simulator','Bill Gates est fasciné par le roman « Vol de nuit » d''Antoine de Saint-Exupéry qui raconte la sensation de voler dans un petit avion.','proposition1'),
 (65,3,'Quel nom a été choisi par Microsoft pour la commercialisation de son smartphone ?','Lumia','Loumnia','Lomna','Loubna','Cette série de smartphones et d''une tablette tactile est le résultat d''une coopération avec Nokia, constructeur des téléphones.','proposition1'),
 (66,3,'Quel système d''exploitation fut commercialisé entre Windows 98 et Windows XP ?','Windows ME','Windows TE','Windows RE','Windows VE','Entièrement basé sur Windows 98, lui-même basé sur Windows 95, Windows ME était le pendant familial et multimédia de Windows.','proposition1'),
 (67,3,'Quel service de stockage en ligne a été inventé par la société Microsoft ?','OneDrive','TwoDrive','ThreeDrive','FourDrive','Le service peut s''utiliser de deux manières : à travers un navigateur web ou le logiciel OneDrive qui permet une synchronisation.','proposition1'),
 (68,3,'Quel est le nom de la tablette conçue par les designers de chez Microsoft ?','Surface','Hurricane','Storm','Tabsoft','La première génération de tablette a été introduite en 2012 où deux versions de Surface sont présentées : Surface RT et Surface Pro.','proposition1'),
 (69,3,'En quelle année la multinationale Microsoft Corporation a-t-elle été fondée ?','1975','1985','1995','2005','Son activité principale consiste à développer et vendre des systèmes d''exploitation, des logiciels et des produits matériels dérivés.','proposition1'),
 (70,3,'Quel mot se cache derrière la lettre O du système d''exploitation MS-DOS ?','Operating','Operator','Opera','Opale','Ce système fonctionnant en mode réel, mono-tâche et mono-utilisateur, était équipé d''une interface en ligne de commande.','proposition1'),
 (71,3,'Qui a remplacé Bill Gates comme Chief Executive Officer en janvier 2000 ?','Steve Ballmer','Steve Jobs','Steve Stones','Satya Nadella','Depuis 2014, Steve Ballmer est le nouveau propriétaire des Clippers, une franchise de basket-ball de la NBA basée à Los Angeles.','proposition1'),
 (72,3,'Quel est le prénom de la femme de Bill Gates, née à Dallas en 1964 ?','Melinda','Melissa','Melanie','Mandy','Pour la fondation qu''elle copréside depuis 1999, Melinda Gates effectue plusieurs voyages par an dans des pays d''Afrique et d''Asie.','proposition1'),
 (73,3,'Quelle somme Bill Gates va-t-il dépenser pour combattre le réchauffement climatique ?','2 milliards','1 milliard','500 millions','150 millions','Bill Gates est devenu, en grande partie grâce au succès commercial de Microsoft, l''homme le plus riche du monde de 1996 à 2007.','proposition1'),
 (74,3,'De combien le nombre d''employés de Microsoft a-t-il évolué de 2005 à 2014 ?','Doublé','Triplé','Quadruplé','Quintuplé','L''introduction en bourse de Microsoft a fait quatre milliardaires et environ 12 000 millionnaires parmi les employés de Microsoft.','proposition1'),
 (75,3,'En quelle année la société Microsoft a-t-elle acheté le logiciel Skype ?','2011','2001','2008','2009','Skype est un logiciel qui permet de passer des appels téléphoniques ou vidéo via Internet, ainsi que le partage d''écran.','proposition1'),
 (76,3,'Quelle est la signification des lettres RT du nom de produit Windows RT ?','Officiellement aucune','RunTime','RogueTime','RandTime','Système d''exploitation dérivé de Windows 8, le sigle RT n''a pas de signification officielle mais fait généralement référence à Runtime.','proposition1'),
 (77,3,'Quel matériel peut contrôler une interface sans utiliser de manette ?','Kinect','Xbox Gun','PowerShot','Konect','Initialement connu sous le nom Project Natal, le mot-valise Kinect est issu des mots anglais kinetic (cinétique) et connect (connecter).','proposition1'),
 (78,3,'Après combien d''années le successeur de Windows XP a-t-il été commercialisé ?','5 ans','3 ans','4 ans','6 ans','Remplacé par Windows Vista, Windows XP (en version Familiale et Professionnelle) a été vendu à près de 400 millions de copies.','proposition1'),
 (79,3,'Quelle interface graphique a remplacé le thème Luna de Windows XP ?','Aero','Zorro','Rollo','Doro','L''interface Aero a été conçue pour être plus puissante, plus efficace et plus plaisante esthétiquement que l''ancien thème Luna.','proposition1'),
 (80,3,'En 2019, combien de fois Microsoft a-t-il adapté son logo depuis sa création ?','4 fois','3 fois','2 fois','1 fois','Les produits du dernier logo sont Office pour le rouge, Xbox pour le vert, Windows pour le bleu et Bing pour le carré jaune.','proposition1'),
 (81,3,'Quelle est la forme du logo aux teintes bleutées de Cortana ?','Ronde','Carrée','Rectangulaire','Ovale','Cortana est l''assistant personnel intelligent développé par Microsoft pour sa plateforme Windows Phone à partir de la version 8.1.','proposition1'),
 (82,3,'Quel budget de communication fut associé au lancement du moteur de recherche Bing ?','90 millions','30 millions','15 millions','65 millions','Bing, anciennement Live Search, Windows Live Search et MSN Search, est un moteur de recherche rendu public le 3 juin 2009.','proposition1'),
 (83,3,'Quel projet de réalité augmentée a été présenté par Microsoft ?','Skinput','Skinproject','Skinfall','Tinyput','En 2011, Microsoft Research a présenté sa prospective en réalité augmentée, notamment avec les projets Skinput et Light Space.','proposition1'),
 (84,3,'De combien de branches techniques la gamme Windows est-elle composée ?','Cinq','Quatre','Trois','Deux','Les cinq branches techniques de Windows sont la branche 16 bits, la branche Windows 9x, la branche NT, la branche CE et la branche NT.','proposition1'),
 (85,3,'Quel concurrent Microsoft a-t-il condamné lors de la sortie de Internet Explorer 3.0 ?','Netscape','NetView','NetBrowser','NetPlan','Le support de Netscape Navigator a cessé en 2008, mais il est à l''origine du navigateur Mozilla Firefox, toujours en développement.','proposition1'),
 (86,3,'Quelle entreprise, connue pour son jeu Minecraft, a été rachetée par Microsoft ?','Mojang','Mojing','Mojung','Motang','En 2011, le fondateur de Napster et l''ancien président de Facebook Solidarité, Sean Parker, proposèrent d''investir dans Mojang.','proposition1'),
 (87,3,'Quel est le nom de code du projet associé au navigateur internet Microsoft Edge ?','Spartan','John','Runny','Ben','Depuis le mois de février 2018, Edge n''est plus une exclusivité de Windows 10 : Microsoft a porté le navigateur sur iOS et Android.','proposition1'),
 (88,3,'Quelle section du magasin en ligne de Microsoft a été supprimée en juillet 2019 ?','Ebooks','ChromeBooks','Tbooks','WinBooks','Les livres numériques (gratuits ou achetés sur la plateforme) ne seront plus lisibles suite à l''arrêt des serveurs de DRM.','proposition1'),
 (89,3,'Quel est le petit nom donné au bracelet de sport commercialisé par Microsoft ?','Microsoft Band','Microsoft Bracelet','Microsoft Lace','Microsoft Pace','Commercialisé en 2014, il s''agit du premier appareil propulsé par Microsoft Health, le nouveau service de santé de Microsoft.','proposition1'),
 (90,3,'Quelle est la surface approximative du Microsoft Redmond Campus ?','80 km²','8 km²','900 000 m²','100 000 m²','Les campus historiques de l''Est et de l''Ouest comptent plus de 120 bâtiments de près de 700 000 m² sur plus de 200 hectares.','proposition1'),
 (91,4,'Qui est responsable, sur le plan artistique, de la création d''une affiche ?','Affichiste','Ciseleur','Cartonnier','Designer','En France, des peintres renommés comme Henri de Toulouse-Lautrec ne dédaignent pas de travailler sur des affiches.','proposition1'),
 (92,4,'Quel décorateur peut être amené à poser des revêtements muraux ?','Peintre','Fondeur','Doreur','Restaurateur','Il peut travailler pour des particuliers, des entreprises ou encore des collectivités et ce dans n''importe quel type d''architecture.','proposition1'),
 (93,4,'Quel spécialiste est chargé de la décoration de l''espace scénique au théâtre ?','Décorateur','Taillandier','Encadreur','Mosaïste','Le décorateur doit, lorsqu''il imagine un décor, concilier les exigences du metteur en scène avec sa propre conception d''artiste.','proposition1'),
 (94,4,'Hormis le scénariste, quel est le métier d''un créateur de bande dessinée ?','Dessinateur','Mouleur','Relieur','Copiste','Le dessin résultant de son travail peut aussi être artistique, documentaire, technique, ou une base de travail commune.','proposition1'),
 (95,4,'Quel professionnel de l''art réalise des clichés à l''aide d''un appareil ?','Photographe','Fileur','Graphiste','Bombeur','La diversité des pratiques photographiques amène à distinguer les photographes par catégories, les classifications étant nombreuses.','proposition1'),
 (96,4,'Qui sait fabriquer un couteau à la main, de la lame jusqu''au manche ?','Coutelier','Canneur','Moireur','Archetier','Actuellement, le marché de la coutellerie reste dynamique grâce aux collectionneurs, sensibles à la qualité de l''acier utilisé.','proposition1'),
 (97,4,'Quel artisan réalise des portes, des fenêtres et des parquets ?','Menuisier','Campaniste','Chapelier','Orfèvre','Il fournit avant tout une prestation sur mesure en fabrication, mais aussi en agencement en bois massif et en petite serrurerie.','proposition1'),
 (98,4,'Quel spécialiste manipule de la poudre d''or ou de la peinture dorée ?','Doreur','Encadreur','Joaillier','Coutelier','L''approche de la restauration de bois doré se doit d''être une intervention minimaliste et respectueuse des styles.','proposition1'),
 (99,4,'Qui est chargé de concevoir des solutions de communication visuelle ?','Graphiste','Mosaïste','Copiste','Étalagiste','C''est donc un médiateur qui travaille sur le sens des messages, à l''aide des formes graphiques qu''il utilise sur tout type de supports.','proposition1'),
 (100,4,'Comment appelle-t-on un auteur de manga, bande dessinée japonaise ?','Mangaka','Mangeur','Mangarte','Mangiste','Un mangaka est soumis à des rythmes de parution très rapides et ne bénéficie pas toujours d''une liberté totale sur son oeuvre.','proposition1'),
 (101,4,'Quel professionnel harmonise les critères esthétiques d''un produit ?','Designer','Fresquiste','Copiste','Décorateur','Il travaille en collaboration avec des spécialistes d''autres disciplines, pour analyser et résoudre les problèmes soulevés par un projet.','proposition1'),
 (102,4,'Quel artisan conçoit et fabrique des objets utilitaires en argile ?','Potier','Rocailleur','Ébéniste','Orfèvre','Le potier fabrique ses articles soit à l''aide d''un tour ou à la main, en utilisant différentes qualités de terre et en variant les températures.','proposition1'),
 (103,4,'Sur un tournage, qui gère le choix des bijoux, sacs, gants et chapeaux ?','Costumier','Brossier','Boutonnier','Corsetier','Le travail des costumiers est récompensé par différents prix dont l''Oscar, le César ou le Magritte de la meilleure création de costumes.','proposition1'),
 (104,4,'Qui est chargé de conseiller les clients pour des accessoires de tête ?','Chapelier','Cirier','Coutelier','Gantier','Exerçant dans une chapellerie, son travail d''atelier consiste à mettre à la taille, assortir et garnir les chapeaux, rafraîchir et réparer.','proposition1'),
 (105,4,'Quel artisan transforme des bois pour créer du mobilier décoratif ?','Ébéniste','Vernisseur','Vannier','Dinandier','Les bureaux et meubles recouverts d''écailles, de marqueterie, de laque, de vernis, de porcelaine sont des meubles d''ébénisterie.','proposition1'),
 (106,4,'Qui fabrique des objets de parure mettant en valeur des pierres précieuses ?','Joaillier','Plumassier','Santonnier','Taillandier','Le plus souvent, cette mise en valeur est réalisée dans un bijou : ce bijou en soi pourra par la suite être lui aussi qualifié de joyau.','proposition1'),
 (107,4,'Quel artisan confectionne des objets à l''aide d''osier ou de paille ?','Vannier','Laqueur','Canneur','Campaniste','Les savoir-faire vanniers en Bretagne du Carbasson sont inscrits à l''Inventaire du patrimoine culturel immatériel français depuis 2015.','proposition1'),
 (108,4,'Quel professionnel est chargé de la reproduction de documents écrits ?','Copiste','Lunetier','Graphiste','Chaîniste','Ce métier est né de la nécessité de produire des copies de documents administratifs et de textes destinés à l''enseignement.','proposition1'),
 (109,4,'Quel artisan et marchand fabrique et vend des objets de métal précieux ?','Orfèvre','Marbrier','Bronzier','Santonnier','Ce métier d''art mineur, proche de celui de bijoutier, existe partout dans le monde et son histoire remonte à la Préhistoire.','proposition1'),
 (110,4,'Qui est jugé concepteur et assistant technique des arts graphiques ?','Illustrateur','Moireur','Chaîniste','Mangeur','Le métier d''illustrateur est généralement méconnu du grand public, bien que l''illustration soit un art essentiellement populaire.','proposition1'),
 (111,4,'Quelle personne est chargée de mettre en valeur des marchandises ?','Étalagiste','Coupeur','Pareur','Encadreur','Le plus souvent dans des vitrines, le travail des étalagistes permet de mettre en avant des produits afin de faciliter leur vente.','proposition1'),
 (112,4,'Qui se consacre à la conservation architecturale ou muséographique ?','Restaurateur','Métallier','Plumassier','Laqueur','Ce travail, qui se caractérise par le respect de l''original et de son histoire, utilise des méthodes douces et réversibles.','proposition1'),
 (113,4,'Quels artisans grenoblois utilisaient une main chauffante pour exercer ?','Gantier','Chaîniste','Brossier','Veloutier','En France, les corporations de gantiers s''installèrent surtout dans des régions d''élevage intensif de chevreaux, propices au tannage.','proposition1'),
 (114,4,'Qui prépare les animaux morts pour leur donner l''apparence de la vie ?','Taxidermiste','Sertisseur','Tanneur','Dinandier','Le principe de la taxidermie consiste à construire une structure ou squelette sur laquelle on reconstitue les formes de l''animal.','proposition1'),
 (115,4,'Quel artisan travaillait autrefois à l''aide de fuseaux ou au crochet ?','Dentellier','Polisseur','Campaniste','Fileur','Aujourd''hui, la mécanisation permet l''utilisation de machines qui rendent le travail du dentellier plus rapide et plus régulier.','proposition1'),
 (116,4,'Quel artisan réalise de petits personnages en argile rouge de Provence ?','Santonnier','Briquetier','Lauzier','Fresquiste','Si les santons sont longtemps restés de fragiles créations en argile crue, la cuisson de l''argile s''est imposée un peu partout de nos jour.','proposition1'),
 (117,4,'De quelle profession Augustin Carrache fut-il l''un des plus grands ?','Graveur','Feutrier','Sérigraphe','Tisserand','Agostino Carracci est surtout connu pour la série de gravures « I Modi », exécutées par le français Jacques Joseph Coiny.','proposition1'),
 (118,4,'Quel artisan d''art fabrique des casseroles à partir d''une feuille de cuivre ?','Dinandier','Veloutier','Cornier','Canneur','Ce nom vient de celui de la ville belge de Dinant, où la tradition du travail du cuivre remonte au XIIe siècle.','proposition1'),
 (119,4,'Quelle personne fabrique et entretient des vasques de pierre ?','Fontainier','Pipier','Malletier','Brossier','Aujourd''hui, le fontainier est également la personne chargée de restaurer les canalisations de plomb de fontaines anciennes.','proposition1'),
 (120,4,'Quel artisan couvreur réalise des toits en paille de seigle ou de blé ?','Chaumier','Cornier','Archetier','Rocailleur','Les savoir-faire chaumiers dans le Golfe du Morbihan sont inscrits à l''inventaire du patrimoine culturel immatériel en France en 2020.','proposition1'),
 (121,5,'Quelle personne est chargée de l''écriture d''un programme informatique ?','Développeur','Programmateur','Webmaster','Hacker','Pour répondre aux besoins d''un client, il établit dans un premier temps un cahier des charges qui détermine les besoins du client.','proposition1'),
 (122,5,'Quelle unité de mesure définit la précision d''une souris optique ?','DPI','WATT','LUX','OHM','Plus la valeur est élevée, plus la distance maximum de déplacement du pointeur est élevée par rapport au mouvement effectué.','proposition1'),
 (123,5,'Quel type de connecteur n''a jamais été utilisé pour connecter un clavier ?','MINI-JACK','USB','PS/2','DIN','L''appellation jack est utilisée pour désigner plusieurs types de connecteurs, en versions femelle et mâle, d''où confusions.','proposition1'),
 (124,5,'Comment sont les données d''un site internet accessible en HTTPS ?','Chiffrées','Statiques','Permanentes','Temporaires','HTTPS permet au visiteur de vérifier l''identité du site web visité grâce à un certificat d''authentification émis par une autorité tierce.','proposition1'),
 (125,5,'Laquelle de ces technologies n''est pas utilisée pour un ordinateur de bureau ?','E-INK','CRT','LCD','OLED','Contrairement aux techniques d''affichage classiques, le papier électronique est purement réflectif et utilise la lumière ambiante.','proposition1'),
 (126,5,'Laquelle de ces suites bureautiques ne possède pas d''application de bureau ?','Google Documents','Libre Office','Open Office','Microsoft 365','Les trois applications sont disponibles comme applications Web, applications Chrome hors ligne et applications mobiles.','proposition1'),
 (127,5,'En informatique, laquelle de ces dispositions de clavier n''existe pas ?','AZERTEX','QÜERTY','AZERTY','QWERTZ','À l''instar du QWERTY, la disposition AZERTY est fréquemment critiquée pour son manque d''ergonomie, d''où les AZERTY étendus.','proposition1'),
 (128,5,'En code ASCII, quelle est l''intervalle de valeur des caractères 0 à 9 ?','48 à 57','74 à 79','21 à 36','121 à 174','ASCII suffit pour représenter les textes en anglais, mais trop limité pour les autres langues, dont le français et ses lettres accentuées.','proposition1'),
 (129,5,'Que contient un document dont le format de fichier porte l''extension mkv ?','Audio et vidéo','Musique','Image','E-mail','Le format Matroska peut regrouper dans un même fichier des flux vidéo, flux audio, ainsi que plusieurs sous-titres et des chapitres.','proposition1'),
 (130,5,'Comment qualifier le mieux un fichier informatique portant l''extension zip ?','Archive','Tableur','Lien','Exécutable','Le format a été inventé par Phil Katz pour le logiciel PKZIP, conçu en réponse à un problème de droits entre PKARC et ARC.','proposition1'),
 (131,5,'Comment traduire le terme « unité de traitement graphique » en anglais ?','GPU','DPI','USB','DIN','On parle aussi de processeur vidéo pour désigner un processeur de traitement de signal, utilisé pour le décodage de vidéos.','proposition1'),
 (132,5,'Quel type d''unité centrale le terme CPU signifie-t-il en français ?','De calcul','Graphique','Statique','Aléatoire','Un processeur comporte de nombreux dispositifs électroniques exécutant les instructions machine de logiciels informatiques.','proposition1'),
 (133,5,'Si ROM désigne la mémoire morte, quel terme désigne la mémoire vive ?','RAM','RIM','RUM','REM','La RAM est la mémoire informatique dans laquelle peuvent être enregistrées les informations traitées par un appareil informatique.','proposition1'),
 (134,5,'Quels disques statiques à semi-conducteurs sont aujourd''hui utilisés ?','SSD','SATA','RPM','PCI','Le terme anglais « solid-state » signifie que ce matériel est constitué de mémoires à semi-conducteurs à l''état solide.','proposition1'),
 (135,5,'Laquelle de ces interfaces d''affichage vidéo est la plus ancienne ?','VGA','DVI','HDMI','DSP','La spécification de Microsoft PC 99 a attribué la couleur bleue aux connecteurs VGA, rapidement conformée par les fabricants.','proposition1'),
 (136,5,'Dans l''URL https://www.openquizzdb.org, quel est le protocole utilisé ?','https','www','openquizzdb','org','HTTPS permet au visiteur de vérifier l''identité du site web visité grâce à un certificat d''authentification émis par une autorité tierce.','proposition1'),
 (137,5,'Dans l''URL https://www.data.gouv.fr, quel est le domaine de premier niveau ?','fr','www','data','gouv','Le but d''un nom de domaine est de retenir et communiquer facilement l''adresse d''un ensemble de serveurs (site web, FTP, ...).','proposition1'),
 (138,5,'Quel modèle d''architecture réseau permet à deux machines de communiquer ?','P2P','IP','Ethernet','Wifi','Dans ce modèle d''échange en réseau, chaque entité est à la fois client et serveur, contrairement au modèle client-serveur.','proposition1'),
 (139,5,'Laquelle de ces interfaces d''affichage vidéo est la plus récente ?','DisplayPort','HDMI','DVI','VGA','Les détenteurs d''origine de la technologie DisplayPort sont Hitachi Maxell, Koninklijke Philips, Silicon Image et Sony Corporation.','proposition1'),
 (140,5,'Que signifie le code 404 que l''on peut retrouver sur certaines pages du web ?','Non trouvée','En développement','Sous surveillance','Non traduite','Il existe plusieurs causes possibles à cette erreur, la ressource demandée ayant été supprimée ou placée à une autre adresse.','proposition1'),
 (141,5,'En informatique, quel entier équivaut à la valeur hexadécimale F ?','15','5','10','20','Le système hexadécimal utilise 16 symboles, les chiffres arabes pour les dix premiers chiffres et les lettres A à F pour les six suivants.','proposition1'),
 (142,5,'En informatique, quelle valeur hexadécimale équivaut à l''entier 14 ?','E','A','F','H','Le système hexadécimal est utilisé notamment en électronique numérique et en informatique car il est particulièrement commode.','proposition1'),
 (143,5,'Quel est l''autre nom de la modalité d''accès de mémoire CMR ?','PMR','TMR','SMR','LMR','Cette technique est censée offrir une densité de 3 à 10 fois supérieure à un enregistrement classique, sur le même support.','proposition1'),
 (144,5,'Sur combien d''octets est codé une adresse internet IPv4 ?','4 octets','8 octets','16 octets','1 octet','La version 4, actuellement la plus utilisée, est représentée en notation décimale avec quatre nombres compris entre 0 et 255.','proposition1'),
 (145,5,'Que vaut l''entier 4 si vous choisissez de le coder en binaire ?','0100','1100','0101','1001','Un code binaire représente un texte, des instructions de processeur ou toute autre donnée utilisant un système à deux symboles.','proposition1'),
 (146,5,'Le codage UTF-8 est utilisé pour encoder quel type de données ?','Caractères','Images','Audio','Vidéo','Initialement développé par l''ISO dans la norme internationale ISO/CEI 10646, l''UTF-8 est compatible avec le standard Unicode.','proposition1'),
 (147,5,'Quel est le système de fichier par défaut de macOS 10.13 et ultérieur ?','APFS','ExFAT','NTFS','FAT32','Le système APFS vise à corriger les problèmes du système de fichiers existant HFS+, anciennement utilisé sur ces plateformes.','proposition1'),
 (148,5,'Quel protocole de messagerie prend seulement en charge l''envoi d''e-mails ?','SMTP','IMAP','POP3','IGMP','SMTP est un protocole de communication utilisé pour transférer le courriel vers les serveurs de messagerie électronique.','proposition1'),
 (149,5,'En code ASCII, quelle est la valeur du caractère A majuscule ?','65','0','1','255','Les caractères de numéro 0 à 31 et le 127 ne sont pas affichables, correspondant à des commandes de contrôle de terminal.','proposition1'),
 (150,5,'Quel serveur a en charge la résolution des noms de domaine ?','DNS','HTTP','FTP','SSH','DNS est un service distribué qui associe les noms de domaine Internet avec leurs adresses IP ou d''autres types d''enregistrements.','proposition1'),
 (151,6,'Quel programmeur a créé et continue de diriger le développement du noyau de Linux ?','Linus Torvalds','Steeve Jobs','Larry Ellison','Bill Gates','Linus Torvalds a découvert l''informatique vers l''âge de 11 ans grâce à l''ordinateur de son grand-père, un Commodore VIC-20.','proposition1'),
 (152,6,'Quel est le principal atout de Linux, développé et maintenu par Linus Torvalds ?','Il est libre','Il est beau','Il est Finlandais','Il est amusant','« Linux » est le nom couramment donné à tout système d''exploitation libre fonctionnant avec le noyau Linux.','proposition1'),
 (153,6,'Quel animal représentant Linux est aussi la mascotte de l''université d''Helsinki ?','Manchot','Marmotte','Caribou','Gnou','Dessiné en 1996, l''usage de ce manchot est libre et se retrouve dans de très nombreux projets et logotypes liés à Linux.','proposition1'),
 (154,6,'Quelle commande Linux, basée sur la commande UNIX, permet d''effacer un fichier ?','Rm','Rem','Del','Delete','De par la filiation avec UNIX, la ligne de commande est toujours disponible dans GNU/Linux, quelle que soit la distribution.','proposition1'),
 (155,6,'Laquelle de ces propositions désigne une distribution Linux fondée en 1993 ?','Red Hat','Zubuntu','Souze','Mandrika','Red Hat est l''une des entreprises dédiées aux logiciels Open Source les plus importantes et les plus reconnues.','proposition1'),
 (156,6,'Quel système d''exploitation mobile majeur de l''industrie s''appuie sur un noyau Linux ?','Android','iOS','Windows Phone','BlackBerry 10','En 2015, Android était le système d''exploitation le plus utilisé dans le monde avec plus de 80 % de parts de marché.','proposition1'),
 (157,6,'Sous Linux, comment appelle-t-on les logiciels assemblés autour du noyau ?','Distribution','Progiciel','Intégré','Logithèque','Il existe une très grande variété de distributions, ayant chacune des objectifs et une philosophie particulière.','proposition1'),
 (158,6,'Quel serveur web présent sous Linux est aussi présent sur les serveurs du monde entier ?','Apache','Comanche','Sioux','Mohican','Depuis avril 1996, selon l''étude permanente de Netcraft, Apache est devenu le serveur HTTP le plus répandu sur Internet.','proposition1'),
 (159,6,'Quel est le nom de la mascotte de Linux, connue des mordus du système d''exploitation ?','Tux','Wilber','Gnu','Puffy','Le dessin du personnage a été choisi à l''issue d''un concours organisé en 1996, remporté par Larry Ewing.','proposition1'),
 (160,6,'Parmi ces commandes Linux, laquelle affiche à l''écran le contenu d''un fichier texte ?','Cat','Type','Man','Ls','La différence essentielle de Linux par rapport à d''autres systèmes d''exploitation concurrents est d''être un système d''exploitation libre.','proposition1'),
 (161,6,'En quelle année Linus Torvalds a-t-il livré la première version du noyau Linux ?','1991','1993','1995','1997','En 1991, les compatibles PC dominent le marché des ordinateurs personnels et fonctionnent généralement sous MS-DOS ou Windows.','proposition1'),
 (162,6,'Quel ancien mot bantou désigne une célèbre distribution Linux ?','Ubuntu','Umbro','Uhura','Ursula','Le nom de la distribution provient d''un ancien mot bantou qui signifie « Je suis ce que je suis grâce à ce que nous sommes tous ».','proposition1'),
 (163,6,'Quel navigateur web et gestionnaire de fichiers est utilisé par défaut pour KDE ?','Konqueror','Firefox','Netscape','Chrome','Konqueror peut également afficher le contenu d''un serveur FTP, permettre de parcourir le réseau local et de visualiser des fichiers.','proposition1'),
 (164,6,'Quel nom porte la distribution française de Linux, simple à installer et à utiliser ?','Mandriva','Debian','SUSE','Slackware','Ciblant à la fois le grand public et les professionnels, cette distribution GNU/Linux est construite autour de KDE.','proposition1'),
 (165,6,'Quel type de fichiers est pris en compte par le gestionnaire de paquets intégré à Ubuntu ?','.deb','.dev','.rss','.rpm','Par défaut, Ubuntu est installé avec une pluralité de logiciels libres tels que LibreOffice, Firefox, Thunderbird et Transmission.','proposition1'),
 (166,6,'Sous Linux, quelle commande est utilisée pour créer un compte utilisateur ?','Useradd','Adduser','Passwd','Mkaccount','Grâce à sa ligne de commande, scientifiques, ingénieurs et développeurs comptent parmi ses plus fréquents utilisateurs.','proposition1'),
 (167,6,'De quel projet sont tirés les outils gravitant autour de Linux ?','GNU','BSD','Mimix','iOS','GNU est un projet de système d''exploitation libre lancé en 1983 par Richard Stallman, puis maintenu par le projet GNU.','proposition1'),
 (168,6,'De quelle distribution Linux est dérivé le système d''exploitation Ubuntu ?','Debian','Red Hat','Slackware','Fedora','Ancien développeur Debian, Mark Shuttleworth souhaitait proposer une version plus facile d''accès pour les novices.','proposition1'),
 (169,6,'Quelle est la plus ancienne distribution Linux encore maintenue à ce jour ?','Slackware','Ubuntu','Red Hat','Mandriva','Slackware est une distribution Linux qui, à la différence d''autres distributions, a longtemps été maintenue par une seule personne.','proposition1'),
 (170,6,'Quel environnement graphique de type fenêtré est utilisé sous Linux ?','X Window','X Graph','X Click','X Color','Cet environnement graphique gère l''interaction homme-machine par l''écran, la souris et le clavier de certains ordinateurs en réseau.','proposition1'),
 (171,6,'Quel programmeur et militant du logiciel libre a créé le Projet GNU en 1984 ?','Richard Stallman','Linus Torvalds','John Neumann','Alan Cox','Richard Stallman consacre la majeure partie de son temps à la promotion du logiciel libre auprès de divers publics et assemblées.','proposition1'),
 (172,6,'Quel lecteur multimédia ressemblant à « Winamp » est utilisé sous Linux ?','XMMS','XAMPP','XnView','Xmind','XMMS fut codé sous le nom de « X11Amp » par Peter et Mikal Alm en novembre 1997, pour combler un manque sous GNU/Linux.','proposition1'),
 (173,6,'Quelle société financée par le sud-africain Mark Shuttleworth commandite Ubuntu ?','Canonical','Pentax','Panasonic','Nikon','La société Canonical, basée sur l''Île de Man, a été créée en 2004 et opère dans 30 pays différents, employant 500 personnes.','proposition1'),
 (174,6,'Avec quel acteur du monde Linux la société Microsoft a-t-elle signé un important accord ?','SUSE','Red Hat','Ubuntu','Mandriva','Apparue au début de l''année 1994, SUSE est en effet la plus ancienne distribution commerciale encore existante.','proposition1'),
 (175,6,'La station spatiale internationale a abandonné Windows au profit de quelle distribution Linux ?','Debian','SUSE','Red Hat','Ubuntu','Debian est utilisée comme base de nombreuses autres distributions telles que Knoppix et Ubuntu, qui rencontrent un grand succès.','proposition1'),
 (176,6,'À ce jour, quel pays utilise le plus régulièrement GNU/Linux comme système pour ses bureaux ?','Cuba','Venezuela','Kenya','Finlande','Les deux environnements GNOME et KDE, qui reposent sur des technologies communes, ont atteint une maturité certaine.','proposition1'),
 (177,6,'Quel graphiste a dessiné en 1996 le manchot Tux initial, mascotte du projet Linux ?','Larry Ewing','Jeffrey Lynch','Rob Janoff','Wes Wilson','Programmeur américain, Larry Ewing a réalisé la mascotte Tux avec l''aide du logiciel libre « The GIMP ».','proposition1'),
 (178,6,'Lequel de ces jeux tourne nativement sous GNU/Linux ?','« Quake III Arena »','« Super Mario Kart »','« Zelda »','« Splinter Cell »','Le jeu développé par ID Software a également été publié sur Macintosh, Dreamcast, PlayStation 2 et sur Xbox Live Arcade.','proposition1'),
 (179,6,'Quelle console de jeu open source possède un système d''exploitation Linux compilé ?','Pandora','Game Gear','N-Gage','GP32','La Pandora était capable à sa sortie de lancer « Quake », « Quake II » et « Quake III » Arena sans ralentissement.','proposition1'),
 (180,6,'Comment fut initialement appelé le projet Linux, devenu par la suite une marque ?','Freax','Serval','Panther','Longhorn','Le projet Freax trouve son nom définitif grâce à Ari Lemmke qui héberge le travail de Linus Torvalds dans un répertoire nommé « Linux ».','proposition1');
COMMIT;
